{"mean": [-9.205328013529911, 13.139623338636248, 5.89645194151953, 5.469501344695612, 1.6453243171776653, 26.47686033515833, 9.667870864954613, -2.9390500199198413, 3.1006357001821137, 13.078070417311961, -17.873872355347068, -4.258079335036624, 15.09328875954218, -6.316766396430309, -0.643563598649145, 5.035832942821294, 0.7127723470300616, -3.8944729841231314, 4.967291645203307, -11.177179767885281, 3.582995277459783, 10.064750405838927, -13.178599406138025, 5.605677905483005, -3.737398539568504, 12.431883450076173, -13.476113155597949, 1.2951237558548365, 5.3976790387818525, 1.3848623597541818, -18.944342893498543, 9.748614619858088, -23.399567164840892, -5.767176913772591, -9.290233160399906, 5.668181159057235, 29.256408116289677, 13.883219802804271, 2.814203720373331, 21.402928859526266, -4.864513151085776, 1.765091563912663, 41.87617137899229, -19.20630761503263, -0.2926236007370898, -4.5147067110158465, -18.767869362090988, 5.675700724646259, 19.796573188772033, 3.1993302388509806, -9.472828166327101, 8.838275845828479, 12.485243521877221, -3.288059421851117, -13.970649030675718, -15.473970276102158, -7.621764551592237, 23.34554661321276, -15.924197096254384, -0.8923102551158849, 6.236543622730494, 7.317204359018318, 2.414492462797247, -5.137466052039965, 18.154067898524627, 12.938097619828378, -3.226658443086449, -10.931333328931386, -2.750914713913461, -6.334617078242677, 2.5397585787485726, 15.185679548569308, 6.86525755116844, -9.667185292747488, 16.698071967554455, 0.028004686495066447, 3.475900217884815, 4.1724940250431, -24.877702941118002, -28.416289472701287, 5.486544233806071, 16.969675863668815, 17.17253212831706, -12.218829562645832, 14.51996783749141, 4.002871996026401, 0.9549435255549903, -5.390158360544355, 3.2101401039795774, 30.434734989971908, 1.3129999156725538, 21.674592732776517, 17.423097640806784, -21.257371493574922, 0.7825090720172516, 11.796529187718951], "scale": [2.375011194442811, 2.9172226016657827, 3.0626160259822837, 3.1179691073359552, 3.5686182084958498, 2.4191993111523042, 3.8277619221742425, 2.8676296131555445, 4.303152539796662, 2.7993005066875076, 2.817325021244892, 2.1786992991284952, 3.07927431479184, 2.3083370605120117, 3.095453017919862, 2.4729204968510876, 2.2871954489515636, 2.9353669775623836, 2.3635737949703035, 1.859743396540479, 2.439188120643565, 2.8888945207779457, 1.7859124942290578, 2.831118348880644, 2.7073251053687204, 3.0921434095764173, 2.836323751083991, 3.485180660726301, 3.482981282845985, 2.6200542449751807, 2.194031901052429, 3.1570810627567787, 2.206027850352108, 2.9850479762135484, 2.6946912858604564, 2.6806517270913464, 2.337805965995839, 3.340908298714168, 2.8896065757795726, 3.1854101073498278, 2.8085104261386475, 2.4364234119682497, 2.6801367923986743, 3.558193015182934, 3.3882904191713075, 2.617422150035, 2.886835317793988, 2.23612289420537, 3.664018689787701, 3.294289689899128, 2.643983623709227, 2.2678258531705833, 3.4019887727269977, 2.4974110029136347, 2.369303507414861, 2.762947709861113, 2.4659195894927253, 1.9855480526095017, 2.618468908445467, 2.6990740824602737, 3.387990765944701, 2.6547460980241095, 2.1974123575804194, 2.445936638672478, 2.334944983742965, 2.926996803687468, 2.688861778216846, 2.4835906812797, 2.681539152916793, 3.2293546666500315, 2.239202887286865, 2.524944153244839, 2.174118906997102, 2.9005934420775477, 3.2079973918970137, 2.952298816038425, 3.7074436028494526, 3.8613165732316412, 2.272733933385674, 2.977631130180477, 2.446178785044952, 2.8421039992177555, 2.2687586817562275, 2.3053330037885087, 3.0312435228259065, 3.318553765405756, 2.2209732122259367, 2.2467093291277966, 2.761739575903924, 2.4745407717865366, 4.653859161683386, 2.6178620555666656, 2.431610609525145, 2.224512897640937, 3.612208543931821, 3.7234129891442405]}